{
  "threads": [
    {
      "last_messages": [],
      "subthreads": [
        {
          "last_messages": [],
          "thread": {
            "context_data": { "hotelreservation_id": "4015215201" },
            "id": "a866c065-4879-5380-b55b-a6c3b93b1748",
            "message_count": 0,
            "pending_subthreads": 0,
            "readonly": false,
            "status": "new",
            "topic": "free_text",
            "type": "Contextual",
            "unread_count": 0,
            "unread_subthreads": 0
          }
        },
        {
          "last_messages": [],
          "thread": {
            "context_data": { "hotelreservation_id": "4015215201" },
            "id": "378b8fe2-96b5-5162-93d7-fc5b398e3c03",
            "message_count": 0,
            "pending_subthreads": 0,
            "readonly": false,
            "status": "new",
            "topic": "partner_chat",
            "type": "Contextual",
            "unread_count": 0,
            "unread_subthreads": 0
          }
        }
      ],
      "thread": {
        "available_features": {
          "explicit_user_replies": 1,
          "image_attachments": 1,
          "key_pickup": 1,
          "pulse_quick_replies": 0,
          "share_status": 1,
          "templates": 1,
          "translations": 1
        },
        "context_data": {
          "affiliate_information_url": "https://partner.booking.com/en-us/help/policies-payments/guest-payments/how-can-i-set-damage-deposit?utm_campaign=11019305&utm_medium=partner_assistant&utm_source=pulse_webview",
          "affiliate_name": "Booking",
          "ba_enabled": 0,
          "booker_cc1": "es",
          "booker_name": "Miguel Pena Sánchez",
          "booker_phone_number": "+27760595495",
          "checkin": "2024-03-19",
          "checkout": "2024-03-21",
          "hotel_id": 4681692,
          "hotel_name": "Motebong Lodge",
          "hotelreservation_id": "4015215201",
          "is_cancelled": 0,
          "is_pre_booking": ""
        },
        "id": "8eea644d-c627-56c4-950c-737ad4332f74",
        "message_count": 0,
        "pending_subthreads": 0,
        "readonly": false,
        "status": "new",
        "topic": "reservation",
        "type": "Contextual",
        "unread_count": 0,
        "unread_subthreads": 0
      }
    }
  ]
}
